step,epoch,stage,loss_mel,loss_kl,loss_duration,loss_g,loss_d,peak_reserved_gb
1,1,posterior_warmup,1.8805210590362549,182.978515625,0.8148821592330933,274.8321228027344,5.927962779998779,19.134
500,4,posterior_warmup,0.9160552024841309,8.733417510986328,0.8257137537002563,60.762359619140625,1.6279406547546387,22.601
1000,7,posterior_warmup,0.8308770060539246,7.856475830078125,0.7812820076942444,58.51225280761719,1.1778291463851929,22.601
1500,11,posterior_warmup,0.799107551574707,7.596179962158203,0.8092855215072632,57.663795471191406,1.021438479423523,22.601
2000,14,posterior_warmup,0.8152085542678833,7.561148643493652,0.8047950267791748,59.32615280151367,0.9827913045883179,22.601
2500,17,posterior_warmup,0.7804127931594849,7.153155326843262,0.7974627017974854,58.50967025756836,1.181017518043518,22.601
3000,21,posterior_warmup,0.7775651812553406,7.124658107757568,0.7762930989265442,59.544761657714844,0.6869709491729736,22.601
3500,24,posterior_warmup,0.7794853448867798,6.828693389892578,0.7668533325195312,59.16128158569336,0.528635561466217,22.601
4000,27,posterior_warmup,0.779512345790863,6.932125568389893,0.7944514155387878,59.49137878417969,0.5519709587097168,22.601
4500,31,posterior_warmup,0.7807285189628601,6.74263858795166,0.7644436359405518,60.78645324707031,0.42038771510124207,22.601
5000,34,posterior_warmup,0.7757917046546936,6.886979579925537,0.7743494510650635,60.52274703979492,0.46080219745635986,22.601
5500,37,linguistic_adaptation,0.7533293962478638,2.422377824783325,0.45659732818603516,52.228973388671875,0.8155150413513184,25.042
6000,41,linguistic_adaptation,0.7452186942100525,2.125105619430542,0.4176498353481293,52.544090270996094,0.677154541015625,25.415
6500,44,linguistic_adaptation,0.7251980900764465,2.2650952339172363,0.41716378927230835,52.86613082885742,0.5310325026512146,25.415
7000,47,linguistic_adaptation,0.7177311182022095,2.1720125675201416,0.409485399723053,52.72255325317383,0.5105149745941162,25.604
7500,51,linguistic_adaptation,0.7159602642059326,2.135981321334839,0.40035170316696167,52.88767623901367,0.5254056453704834,25.604
8000,54,linguistic_adaptation,0.712544322013855,2.137305498123169,0.3922979235649109,53.11213302612305,0.3694763779640198,25.604
8500,58,linguistic_adaptation,0.7160086631774902,2.2290022373199463,0.38450339436531067,53.476661682128906,0.39699649810791016,25.604
9000,61,linguistic_adaptation,0.6925107836723328,2.1056509017944336,0.3853621780872345,52.83436965942383,0.3225300908088684,25.608
9500,64,linguistic_adaptation,0.710873544216156,2.2111246585845947,0.37814241647720337,54.11519241333008,0.3429000675678253,25.608
10000,68,linguistic_adaptation,0.6946501731872559,2.131934881210327,0.40162935853004456,53.037784576416016,0.29280292987823486,25.608
10500,71,linguistic_adaptation,0.689104437828064,2.1491055488586426,0.380092591047287,53.20579147338867,0.3214648365974426,25.608
11000,74,linguistic_adaptation,0.7026528716087341,2.2176361083984375,0.38632267713546753,53.525455474853516,0.27765733003616333,25.608
11500,78,linguistic_adaptation,0.6743282675743103,2.0819437503814697,0.39254140853881836,51.861385345458984,0.2623242139816284,25.608
12000,81,linguistic_adaptation,0.6878649592399597,2.478804588317871,0.3853183686733246,53.21430587768555,0.26883113384246826,25.608
12500,84,linguistic_adaptation,0.6722874045372009,2.2187952995300293,0.38480842113494873,52.356300354003906,0.25103092193603516,25.608
13000,88,linguistic_adaptation,0.6648723483085632,2.1076173782348633,0.3742199242115021,52.54376220703125,0.2213730812072754,25.608
13500,91,linguistic_adaptation,0.6680149435997009,2.0077738761901855,0.3741611838340759,52.85382843017578,0.14939148724079132,25.608
14000,94,linguistic_adaptation,0.6720771193504333,2.091125011444092,0.3845391869544983,53.121158599853516,0.29933974146842957,25.608
14500,98,linguistic_adaptation,0.677797257900238,2.058392286300659,0.37276607751846313,53.184566497802734,0.19573238492012024,25.608
15000,101,linguistic_adaptation,0.6698614954948425,2.1353976726531982,0.3809363543987274,53.23462677001953,0.20167651772499084,25.608
15500,105,linguistic_adaptation,0.6652881503105164,1.951959490776062,0.37752512097358704,51.96275329589844,0.27962762117385864,25.608
16000,108,linguistic_adaptation,0.6598384976387024,2.12849497795105,0.375360906124115,52.73886489868164,0.18675148487091064,25.608
16500,111,linguistic_adaptation,0.6509168148040771,2.012500762939453,0.39150720834732056,52.10370635986328,0.2091447114944458,25.608
17000,115,linguistic_adaptation,0.6594201922416687,2.070308208465576,0.36306607723236084,52.54664993286133,0.16708236932754517,25.608
17500,118,linguistic_adaptation,0.6738662719726562,2.049039363861084,0.3764669597148895,53.22119903564453,0.19531619548797607,25.608
18000,121,linguistic_adaptation,0.6648263335227966,2.043471097946167,0.38136032223701477,52.880069732666016,0.1421327292919159,25.608
18500,125,linguistic_adaptation,0.6538925170898438,2.0750203132629395,0.3714645802974701,52.44059371948242,0.16288919746875763,25.608
19000,128,linguistic_adaptation,0.6521205306053162,2.097944974899292,0.36947697401046753,52.37893295288086,0.19202212989330292,25.608
19500,131,linguistic_adaptation,0.6560958623886108,1.966452717781067,0.37504997849464417,52.66330337524414,0.1549856960773468,25.608
20000,135,linguistic_adaptation,0.6658954620361328,2.010378837585449,0.3693097233772278,53.52138900756836,0.10203853994607925,25.608
20500,138,linguistic_adaptation,0.6685224771499634,1.983004093170166,0.38164258003234863,53.63664627075195,0.10118024796247482,25.608
21000,141,linguistic_adaptation,0.6618377566337585,1.9507850408554077,0.365845650434494,53.39427947998047,0.12065383046865463,25.608
21500,145,linguistic_adaptation,0.6514427065849304,2.0560877323150635,0.3760443925857544,52.786495208740234,0.12709902226924896,25.608
22000,148,linguistic_adaptation,0.6650198101997375,2.0052614212036133,0.36777377128601074,53.271148681640625,0.0968751534819603,25.608
22500,152,linguistic_adaptation,0.6600610613822937,1.991440773010254,0.37466537952423096,52.578773498535156,0.12787413597106934,25.608
23000,155,linguistic_adaptation,0.6509734988212585,2.127750873565674,0.37773022055625916,52.9709358215332,0.12150171399116516,25.608
23500,158,linguistic_adaptation,0.6539846062660217,1.8973772525787354,0.367928683757782,53.003273010253906,0.09451012313365936,25.608
24000,162,linguistic_adaptation,0.6491381525993347,2.0551705360412598,0.37021777033805847,53.00862503051758,0.0984153151512146,25.608
24500,165,linguistic_adaptation,0.6551963686943054,2.0303568840026855,0.36625730991363525,53.23400115966797,0.11318394541740417,25.608
25000,168,linguistic_adaptation,0.6507212519645691,1.9328469038009644,0.3582587242126465,53.0338020324707,0.11655019223690033,25.608
25500,172,linguistic_adaptation,0.6562181115150452,1.977692723274231,0.383669912815094,53.379451751708984,0.09397284686565399,25.608
26000,175,linguistic_adaptation,0.6576532125473022,2.0587871074676514,0.365060418844223,53.646446228027344,0.11061087250709534,25.608
26500,178,linguistic_adaptation,0.6534855365753174,1.9950802326202393,0.356747567653656,53.534244537353516,0.08734143525362015,25.608
27000,182,linguistic_adaptation,0.6554399728775024,2.0201170444488525,0.3690289258956909,53.47238540649414,0.08907930552959442,25.797
27500,185,linguistic_adaptation,0.6509806513786316,2.0459823608398438,0.3887906074523926,53.23823928833008,0.1008373573422432,25.797
28000,188,linguistic_adaptation,0.6553115248680115,2.0253331661224365,0.36608219146728516,53.23103332519531,0.08776935935020447,25.797
28500,192,linguistic_adaptation,0.6454275250434875,1.9171451330184937,0.36540687084198,52.80552291870117,0.09303262829780579,25.797
29000,195,linguistic_adaptation,0.6522008776664734,1.9412907361984253,0.3737154006958008,53.2732048034668,0.09360145032405853,25.797
29500,198,linguistic_adaptation,0.640709400177002,1.9591366052627563,0.3617052435874939,53.199039459228516,0.06541357189416885,25.797
30000,202,linguistic_adaptation,0.6502272486686707,2.029212236404419,0.36135321855545044,53.82710266113281,0.06527849286794662,25.797
30500,205,decoder_polish,0.5046672821044922,2.02275013923645,0.36928632855415344,33.24203872680664,2.3719234466552734,25.826
31000,209,decoder_polish,0.4857306480407715,1.9109272956848145,0.36730754375457764,30.735837936401367,2.7989554405212402,25.826
31500,212,decoder_polish,0.47556743025779724,2.122607469558716,0.3592270016670227,30.22252655029297,2.6860549449920654,25.826
32000,215,decoder_polish,0.4642612934112549,2.033479928970337,0.36911851167678833,29.921960830688477,2.676283597946167,25.826
32500,219,decoder_polish,0.4654256999492645,1.9543204307556152,0.36262956261634827,30.002058029174805,3.005573272705078,25.826
33000,222,decoder_polish,0.46516236662864685,1.9420666694641113,0.3504921793937683,29.639516830444336,2.583726644515991,25.826
33500,225,decoder_polish,0.462101548910141,2.1156857013702393,0.3596206307411194,29.46179962158203,2.747730016708374,25.826
34000,229,decoder_polish,0.4601384103298187,2.0883662700653076,0.36439698934555054,29.937002182006836,2.4335501194000244,25.826
34500,232,decoder_polish,0.4578225612640381,1.8785384893417358,0.35938575863838196,28.94214630126953,2.7334227561950684,25.826
35000,235,decoder_polish,0.4574725329875946,2.066607713699341,0.35905247926712036,29.28868293762207,2.606818437576294,25.829
35500,239,decoder_polish,0.4448072612285614,1.9810971021652222,0.36554044485092163,28.59552764892578,2.6895852088928223,25.829
36000,242,decoder_polish,0.4418256878852844,1.9897698163986206,0.3541664779186249,28.241168975830078,2.7810444831848145,25.829
36500,245,decoder_polish,0.4434390962123871,1.9218114614486694,0.3513190746307373,28.616960525512695,2.69557785987854,25.829
37000,249,decoder_polish,0.4516763687133789,1.9752808809280396,0.35595446825027466,28.851198196411133,2.7175464630126953,25.829
37500,252,decoder_polish,0.4348468780517578,1.9222192764282227,0.35103511810302734,28.26784896850586,2.611672878265381,25.829
38000,256,decoder_polish,0.4377876818180084,2.0013585090637207,0.3549646735191345,28.140430450439453,2.632028102874756,25.829
38500,259,decoder_polish,0.44712406396865845,1.9907420873641968,0.36058077216148376,29.335718154907227,2.5919711589813232,25.829
39000,262,decoder_polish,0.4449319839477539,1.9357527494430542,0.35045140981674194,28.952836990356445,2.568293333053589,25.829
39500,266,decoder_polish,0.4345543086528778,1.8631813526153564,0.36183249950408936,28.4377384185791,2.533754825592041,25.829
40000,269,decoder_polish,0.4338274896144867,1.9831948280334473,0.36099711060523987,28.370397567749023,2.6115119457244873,25.829
40500,272,decoder_polish,0.4443104863166809,1.8992063999176025,0.3624159097671509,29.02137565612793,2.5870866775512695,25.829
41000,276,decoder_polish,0.43933621048927307,1.9876556396484375,0.3570146858692169,29.26968765258789,2.4984688758850098,25.829
41500,279,decoder_polish,0.4412447512149811,1.868562936782837,0.36067259311676025,29.44110679626465,2.574456214904785,25.829
42000,282,decoder_polish,0.4358316957950592,2.02608585357666,0.36585694551467896,29.023258209228516,2.453352928161621,25.829
42500,286,decoder_polish,0.4403184950351715,2.0301015377044678,0.36092913150787354,29.486082077026367,2.7770445346832275,25.829
43000,289,decoder_polish,0.43606457114219666,2.0316848754882812,0.3663945198059082,28.764144897460938,2.6991002559661865,25.829
43500,292,decoder_polish,0.43953442573547363,1.9376616477966309,0.35537290573120117,29.173974990844727,2.536458969116211,25.829
44000,296,decoder_polish,0.4411108195781708,1.9494396448135376,0.3633376657962799,29.562807083129883,2.438404083251953,25.829
44500,299,decoder_polish,0.4391264021396637,1.922214388847351,0.3602989912033081,29.37438201904297,2.528644323348999,25.829
45000,303,decoder_polish,0.44505253434181213,2.0711593627929688,0.3620326817035675,29.414011001586914,2.6448705196380615,25.829
45500,306,decoder_polish,0.44288235902786255,1.9862931966781616,0.3631356954574585,29.48855209350586,2.594510555267334,25.829
46000,309,decoder_polish,0.42920851707458496,1.960377812385559,0.34550708532333374,28.782934188842773,2.5939786434173584,25.829
46500,313,decoder_polish,0.43433019518852234,1.9392259120941162,0.3532997667789459,28.66995620727539,2.5912561416625977,25.829
47000,316,decoder_polish,0.4307152330875397,2.0247933864593506,0.350870281457901,28.992897033691406,2.650104522705078,25.829
47500,319,decoder_polish,0.44414597749710083,1.8860516548156738,0.3563046455383301,29.417518615722656,2.795421600341797,25.829
48000,323,decoder_polish,0.43346843123435974,1.9653747081756592,0.3626009225845337,28.916444778442383,2.6742899417877197,25.829
48500,326,decoder_polish,0.4288877546787262,1.8979072570800781,0.34832653403282166,28.72498893737793,2.595288038253784,25.829
49000,329,decoder_polish,0.4317200183868408,1.951888084411621,0.3662068247795105,28.596221923828125,2.6411266326904297,25.829
49500,333,decoder_polish,0.4442482888698578,1.9941885471343994,0.3726070821285248,30.693933486938477,2.1265721321105957,25.829
50000,336,decoder_polish,0.44004565477371216,1.9900044202804565,0.3631543219089508,29.321077346801758,2.5826423168182373,25.829
50500,339,decoder_polish,0.43718215823173523,1.99398672580719,0.36658531427383423,30.057104110717773,2.31661057472229,25.829
51000,343,decoder_polish,0.4335528016090393,2.0148162841796875,0.36333438754081726,29.452945709228516,2.4359982013702393,25.829
51500,346,decoder_polish,0.4298839569091797,1.9658193588256836,0.351502001285553,29.153778076171875,2.5809292793273926,25.829
52000,349,decoder_polish,0.4244519770145416,1.946319580078125,0.3583228588104248,29.081682205200195,2.461711883544922,25.829
52500,353,decoder_polish,0.43107205629348755,1.9799761772155762,0.3550592064857483,29.575952529907227,2.5236082077026367,25.829
53000,356,decoder_polish,0.42298728227615356,1.9280284643173218,0.36158931255340576,28.703664779663086,2.5243709087371826,25.829
53500,360,decoder_polish,0.4286130964756012,1.8911100625991821,0.3446090817451477,29.773447036743164,2.5926156044006348,25.829
54000,363,decoder_polish,0.44175463914871216,2.0305559635162354,0.377524197101593,29.571626663208008,2.547654390335083,25.829
54500,366,decoder_polish,0.42836999893188477,1.9477123022079468,0.36230090260505676,28.959026336669922,2.5283563137054443,25.829
55000,370,decoder_polish,0.43549108505249023,1.8651236295700073,0.36179453134536743,29.874006271362305,2.553107976913452,25.829
55500,373,decoder_polish,0.4297720491886139,1.933490514755249,0.35792994499206543,29.282981872558594,2.508282423019409,25.829
56000,376,decoder_polish,0.4304629862308502,1.866314172744751,0.357627809047699,29.442564010620117,2.5336568355560303,25.829
56500,380,decoder_polish,0.4277575612068176,1.9187170267105103,0.3574914336204529,28.887468338012695,2.482179641723633,25.829
57000,383,decoder_polish,0.4333510994911194,2.08345627784729,0.3620043396949768,29.70174217224121,2.4988889694213867,25.829
57500,386,decoder_polish,0.4416296184062958,1.9370131492614746,0.3617743253707886,30.810640335083008,2.290949821472168,25.829
58000,390,decoder_polish,0.4313461482524872,1.8953218460083008,0.36712318658828735,29.087467193603516,2.726972818374634,25.829
58500,393,decoder_polish,0.43463703989982605,1.9857698678970337,0.3643220067024231,29.685840606689453,2.433091402053833,25.829
59000,396,decoder_polish,0.43775615096092224,1.9073158502578735,0.36223241686820984,30.01126480102539,2.5152740478515625,25.829
59500,400,decoder_polish,0.43687573075294495,1.902292013168335,0.3692781329154968,30.46501922607422,2.266146659851074,25.829
60000,403,decoder_polish,0.4280109405517578,1.9749207496643066,0.3574090600013733,29.070993423461914,2.422743082046509,25.829
60500,407,decoder_polish,0.42901524901390076,1.926525592803955,0.3547843098640442,29.320547103881836,2.46481990814209,25.829
61000,410,decoder_polish,0.43486347794532776,1.8923014402389526,0.35637813806533813,29.507097244262695,2.52836537361145,25.829
61500,413,decoder_polish,0.4298776686191559,1.9250907897949219,0.36490851640701294,29.500526428222656,2.398193597793579,25.829
62000,417,decoder_polish,0.4335542619228363,2.0247371196746826,0.3642785847187042,30.0589599609375,2.419180154800415,25.829
62500,420,decoder_polish,0.4319611191749573,1.922322392463684,0.36414939165115356,30.114864349365234,2.3896379470825195,26.017
63000,423,decoder_polish,0.4266047477722168,2.024181842803955,0.3635578155517578,29.845094680786133,2.457953929901123,26.017
63500,427,decoder_polish,0.4248681962490082,2.006295680999756,0.3534020781517029,29.48410415649414,2.607713222503662,26.017
64000,430,decoder_polish,0.42418137192726135,1.9432631731033325,0.36248233914375305,29.222591400146484,2.443727493286133,26.017
64500,433,decoder_polish,0.4337194561958313,1.9621728658676147,0.37033987045288086,29.72713279724121,2.4476091861724854,26.017
65000,437,decoder_polish,0.43510037660598755,2.027010202407837,0.3616536855697632,30.162893295288086,2.6904921531677246,26.017
65500,440,decoder_polish,0.42325064539909363,1.871626615524292,0.3565189242362976,29.87856674194336,2.3342883586883545,26.017
66000,443,decoder_polish,0.42359381914138794,1.928189754486084,0.3479929566383362,29.77264976501465,2.4176383018493652,26.017
66500,447,decoder_polish,0.4285840094089508,2.018122673034668,0.3640443980693817,29.653221130371094,2.4108033180236816,26.017
67000,450,decoder_polish,0.4269241988658905,1.9973644018173218,0.3585450053215027,30.19762420654297,2.291046142578125,26.017
67500,454,decoder_polish,0.4309716820716858,1.9634851217269897,0.3628154397010803,30.850086212158203,2.4515652656555176,26.017
68000,457,decoder_polish,0.4301963746547699,1.9154460430145264,0.3612798750400543,29.9985408782959,2.452481269836426,26.017
68500,460,decoder_polish,0.43204861879348755,1.89763343334198,0.3689596951007843,29.925491333007812,2.3893423080444336,26.017
69000,464,decoder_polish,0.43297192454338074,1.9105654954910278,0.3650436997413635,29.39405632019043,2.6250813007354736,26.017
69500,467,decoder_polish,0.4261890947818756,1.8828201293945312,0.35564082860946655,29.4161376953125,2.5159122943878174,26.017
70000,470,decoder_polish,0.4355901777744293,1.9420942068099976,0.36587992310523987,30.208580017089844,2.5922205448150635,26.017
70500,474,decoder_polish,0.42460939288139343,1.9090585708618164,0.3572844862937927,29.75149917602539,2.2785701751708984,26.017
71000,477,decoder_polish,0.4222351014614105,1.8670333623886108,0.3553459644317627,29.438886642456055,2.517045021057129,26.017
71500,480,decoder_polish,0.42945605516433716,1.9710307121276855,0.3562021851539612,29.872159957885742,2.5752310752868652,26.017
72000,484,decoder_polish,0.4350857734680176,1.879462480545044,0.3615029752254486,30.611553192138672,2.3081119060516357,26.017
72500,487,decoder_polish,0.4408000111579895,1.9708811044692993,0.3633984625339508,30.780864715576172,2.546351671218872,26.017
73000,490,decoder_polish,0.42770108580589294,2.051514148712158,0.3677847385406494,30.265878677368164,2.411649227142334,26.017
73500,494,decoder_polish,0.4268204867839813,2.0159475803375244,0.3525766134262085,30.171966552734375,2.2512340545654297,26.017
74000,497,decoder_polish,0.4346679747104645,1.935213565826416,0.3638778328895569,31.005083084106445,2.3315134048461914,26.017
74500,500,decoder_polish,0.4240584671497345,1.924609899520874,0.3568270206451416,30.383312225341797,2.191474199295044,26.017
75000,504,decoder_polish,0.4326876103878021,2.0379650592803955,0.36035406589508057,30.107322692871094,2.443415641784668,26.017
75500,507,decoder_polish,0.43350258469581604,2.0133931636810303,0.3534562587738037,30.135772705078125,2.4678468704223633,26.017
76000,511,decoder_polish,0.4342244267463684,1.9813717603683472,0.36570650339126587,30.525615692138672,2.5319888591766357,26.017
76500,514,decoder_polish,0.4370705187320709,1.9528603553771973,0.35299164056777954,31.332962036132812,2.481919765472412,26.017
77000,517,decoder_polish,0.42935696244239807,1.9755688905715942,0.3566398620605469,29.46805191040039,2.504509687423706,26.017
77500,521,decoder_polish,0.4258308410644531,1.983337163925171,0.3435879945755005,29.930482864379883,2.317553758621216,26.017
78000,524,decoder_polish,0.43292689323425293,1.9642953872680664,0.3664854168891907,30.680519104003906,2.4971137046813965,26.017
78500,527,decoder_polish,0.4271264970302582,1.887276530265808,0.3589756190776825,30.667577743530273,2.2470898628234863,26.017
79000,531,decoder_polish,0.42520639300346375,1.9029507637023926,0.3621363043785095,29.954490661621094,2.321052074432373,26.017
79500,534,decoder_polish,0.4344441890716553,2.0458738803863525,0.3488194942474365,30.691959381103516,2.477553606033325,26.017
80000,537,decoder_polish,0.42921820282936096,1.9765887260437012,0.3735072612762451,30.782346725463867,2.2337796688079834,26.017
80500,541,decoder_polish,0.42480388283729553,1.897959589958191,0.3583683669567108,30.458284378051758,2.2612760066986084,26.017
81000,544,decoder_polish,0.43466097116470337,1.9443672895431519,0.3656740188598633,30.898250579833984,2.3133866786956787,26.017
81500,547,decoder_polish,0.42682576179504395,1.9611098766326904,0.3501431345939636,30.247957229614258,2.3940300941467285,26.017
82000,551,decoder_polish,0.4244813024997711,1.9465110301971436,0.3579690754413605,30.821979522705078,2.1520323753356934,26.017
82500,554,decoder_polish,0.4236200451850891,1.920546054840088,0.35661959648132324,31.247676849365234,2.2639153003692627,26.017
83000,558,decoder_polish,0.4345308244228363,1.9245212078094482,0.3525378108024597,30.54907989501953,2.4044840335845947,26.017
83500,561,decoder_polish,0.4212268888950348,1.9967466592788696,0.3596055805683136,29.872201919555664,2.3405895233154297,26.017
84000,564,decoder_polish,0.42442741990089417,2.0078518390655518,0.35596686601638794,30.400028228759766,2.456472158432007,26.017
84500,568,decoder_polish,0.4298279881477356,1.9632868766784668,0.36482009291648865,30.63376808166504,2.3646161556243896,26.017
85000,571,decoder_polish,0.4218124449253082,1.9665378332138062,0.36758214235305786,30.29069709777832,2.281114339828491,26.017
85500,574,decoder_polish,0.4301581382751465,1.9502592086791992,0.3598739504814148,30.768009185791016,2.423785448074341,26.017
86000,578,decoder_polish,0.43568846583366394,1.9482100009918213,0.3729654550552368,30.68950653076172,2.5180912017822266,26.017
86500,581,decoder_polish,0.4241223931312561,1.9673820734024048,0.3624497652053833,30.147592544555664,2.3650779724121094,26.017
87000,584,decoder_polish,0.43397846817970276,1.9904303550720215,0.362954318523407,31.262516021728516,2.3102831840515137,26.017
87500,588,decoder_polish,0.42728185653686523,1.9853407144546509,0.3709971010684967,30.523584365844727,2.2816109657287598,26.017
88000,591,decoder_polish,0.4261442720890045,1.8883450031280518,0.3570067286491394,30.940149307250977,2.2554779052734375,26.017
88500,594,decoder_polish,0.438608855009079,1.955241322517395,0.35674846172332764,30.831668853759766,2.7999746799468994,26.017
89000,598,decoder_polish,0.4345977008342743,1.9964288473129272,0.3676392436027527,30.923389434814453,2.2990970611572266,26.017
89500,601,decoder_polish,0.4228874146938324,2.018446683883667,0.3685218393802643,30.090402603149414,2.372763156890869,26.017
90000,605,decoder_polish,0.43568506836891174,2.040565252304077,0.3531734347343445,30.78993797302246,2.540069818496704,26.017
90500,608,decoder_polish,0.4250628650188446,1.9127930402755737,0.3641987442970276,30.59200668334961,2.3163235187530518,26.017
91000,611,decoder_polish,0.42678138613700867,1.9802674055099487,0.3671274185180664,30.916229248046875,2.3017148971557617,26.017
91500,615,decoder_polish,0.4228052794933319,1.961221694946289,0.35530227422714233,30.513896942138672,2.3295211791992188,26.017
92000,618,decoder_polish,0.4338853061199188,1.9243767261505127,0.35750481486320496,30.35537338256836,2.569614887237549,26.206
92500,621,decoder_polish,0.4323731064796448,1.9814558029174805,0.3622429072856903,30.726585388183594,2.479569673538208,26.206
93000,625,decoder_polish,0.426847368478775,2.0614612102508545,0.36558327078819275,31.011512756347656,2.2608368396759033,26.206
93500,628,decoder_polish,0.4276437759399414,1.93408203125,0.3520357012748718,30.248397827148438,2.4590446949005127,26.206
94000,631,decoder_polish,0.4434185028076172,2.042921304702759,0.35986536741256714,31.64606285095215,2.3125803470611572,26.206
94500,635,decoder_polish,0.4280678927898407,2.0623185634613037,0.35258740186691284,30.532245635986328,2.426314115524292,26.206
95000,638,decoder_polish,0.42311573028564453,1.974840521812439,0.35940951108932495,30.87967300415039,2.2827775478363037,26.206
95500,641,decoder_polish,0.4219871461391449,2.0346622467041016,0.3629828989505768,30.42678451538086,2.316338300704956,26.206
96000,645,decoder_polish,0.433408260345459,2.0324151515960693,0.3793608546257019,30.71454620361328,2.4067702293395996,26.206
96500,648,decoder_polish,0.43555888533592224,2.0033376216888428,0.3684512972831726,30.988683700561523,2.6666417121887207,26.206
97000,652,decoder_polish,0.42221489548683167,1.9238799810409546,0.36053091287612915,30.868730545043945,2.2657594680786133,26.206
97500,655,decoder_polish,0.42619791626930237,1.951371669769287,0.3596614897251129,31.364660263061523,2.219526767730713,26.206
98000,658,decoder_polish,0.42220860719680786,2.0714218616485596,0.35797595977783203,31.22724151611328,2.2047057151794434,26.206
98500,662,decoder_polish,0.4350675642490387,1.9372771978378296,0.3690606355667114,31.42573356628418,2.346242666244507,26.206
99000,665,decoder_polish,0.42455431818962097,2.0196542739868164,0.3654167652130127,31.026378631591797,2.280970811843872,26.206
99500,668,decoder_polish,0.424111932516098,1.9648423194885254,0.35826578736305237,31.262325286865234,2.1454384326934814,26.206
100000,672,decoder_polish,0.4362739622592926,1.971792459487915,0.3528006672859192,31.316402435302734,2.3591842651367188,26.206
100500,675,decoder_polish,0.43320852518081665,2.01650071144104,0.37010857462882996,30.932605743408203,2.451131582260132,26.206
101000,678,decoder_polish,0.42450401186943054,1.907484531402588,0.36965394020080566,30.634227752685547,2.3367538452148438,26.206
101500,682,decoder_polish,0.4309236705303192,1.9511985778808594,0.3719601333141327,30.950836181640625,2.332150936126709,26.206
102000,685,decoder_polish,0.4207620322704315,2.0237715244293213,0.36237895488739014,30.556760787963867,2.3603458404541016,26.206
102500,688,decoder_polish,0.4229591488838196,1.986147165298462,0.3630731701850891,30.767719268798828,2.350090742111206,26.206
103000,692,decoder_polish,0.41993990540504456,1.9990450143814087,0.36454230546951294,30.29783821105957,2.3202741146087646,26.206
103500,695,decoder_polish,0.4222739636898041,2.0192062854766846,0.36296403408050537,30.411521911621094,2.3376355171203613,26.206
104000,698,decoder_polish,0.4272255003452301,2.00333833694458,0.36756500601768494,30.49760627746582,2.4113357067108154,26.206
104500,702,decoder_polish,0.42671212553977966,1.9726899862289429,0.36549273133277893,30.93515968322754,2.306731700897217,26.206
105000,705,decoder_polish,0.41896161437034607,1.9336812496185303,0.3672984838485718,30.10008430480957,2.4142537117004395,26.206
105500,709,decoder_polish,0.43375617265701294,2.0233266353607178,0.35710030794143677,31.458839416503906,2.3581292629241943,26.206
106000,712,decoder_polish,0.42867007851600647,1.9443708658218384,0.3520508408546448,30.902130126953125,2.279831886291504,26.206
106500,715,decoder_polish,0.4277774393558502,1.9844828844070435,0.35991787910461426,32.38568878173828,2.0613772869110107,26.206
107000,719,decoder_polish,0.4252808094024658,2.108647346496582,0.3491617441177368,30.454898834228516,2.396533727645874,26.206
107500,722,decoder_polish,0.42489585280418396,2.027280807495117,0.3713145852088928,31.766653060913086,2.1660265922546387,26.206
108000,725,decoder_polish,0.4284268319606781,2.0789310932159424,0.3544934391975403,31.372310638427734,2.175084352493286,26.206
108500,729,decoder_polish,0.42932167649269104,1.9098567962646484,0.35848772525787354,31.102548599243164,2.4671924114227295,26.206
109000,732,decoder_polish,0.4248224198818207,1.9492398500442505,0.3608708679676056,31.24123191833496,2.230823040008545,26.206
109500,735,decoder_polish,0.43138933181762695,1.9835118055343628,0.3582511842250824,31.063152313232422,2.4072487354278564,26.206
110000,739,decoder_polish,0.4268221855163574,2.0096893310546875,0.368925005197525,30.275535583496094,2.389575719833374,26.206
110500,742,decoder_polish,0.42819643020629883,1.9637477397918701,0.3673703670501709,30.933063507080078,2.360313892364502,26.206
111000,745,decoder_polish,0.4244382381439209,1.898354172706604,0.3492119312286377,30.81804656982422,2.3062825202941895,26.206
111500,749,decoder_polish,0.4271058738231659,2.0992791652679443,0.3581571578979492,31.506681442260742,2.363905668258667,26.206
112000,752,decoder_polish,0.43060189485549927,2.0467522144317627,0.3512401580810547,31.396028518676758,2.3826446533203125,26.206
112500,756,decoder_polish,0.4212062358856201,2.029879331588745,0.36394602060317993,31.245080947875977,2.256291627883911,26.206
113000,759,decoder_polish,0.4233914017677307,2.0166146755218506,0.35808664560317993,31.032798767089844,2.255403995513916,26.206
113500,762,decoder_polish,0.43021851778030396,1.8747663497924805,0.3700993061065674,30.93402862548828,2.414628028869629,26.206
114000,766,decoder_polish,0.42705613374710083,2.117985486984253,0.3632805347442627,30.678482055664062,2.4624881744384766,26.206
114500,769,decoder_polish,0.4286954402923584,1.9660303592681885,0.37356287240982056,30.632713317871094,2.499913215637207,26.206
115000,772,decoder_polish,0.42303475737571716,2.0165750980377197,0.3607500493526459,31.270156860351562,2.1908609867095947,26.206
115500,776,decoder_polish,0.4379635751247406,1.983901858329773,0.36141079664230347,31.68047523498535,2.296724796295166,26.206
116000,779,decoder_polish,0.43007421493530273,2.0428175926208496,0.37046927213668823,31.329113006591797,2.34683895111084,26.206
116500,782,decoder_polish,0.4229052662849426,1.9880759716033936,0.36062437295913696,31.300125122070312,2.27443265914917,26.206
117000,786,decoder_polish,0.4193887710571289,2.019329309463501,0.3565269112586975,30.884382247924805,2.3117098808288574,26.206
117500,789,decoder_polish,0.42700472474098206,2.025247097015381,0.3476985692977905,30.86216926574707,2.3952646255493164,26.206
118000,792,decoder_polish,0.425319105386734,2.0288286209106445,0.3632662296295166,31.661327362060547,2.157083511352539,26.206
118500,796,decoder_polish,0.4287932515144348,1.9805887937545776,0.3588128089904785,31.1182861328125,2.44382381439209,26.206
119000,799,decoder_polish,0.4205062985420227,1.9837820529937744,0.3601088523864746,30.686553955078125,2.380185127258301,26.206
119500,803,decoder_polish,0.4237693250179291,2.061708450317383,0.35794681310653687,31.321882247924805,2.214163064956665,26.206
120000,806,decoder_polish,0.42914754152297974,2.009809970855713,0.35650360584259033,31.976579666137695,2.1332170963287354,26.206
120500,809,decoder_polish,0.4256744086742401,1.97270929813385,0.3531264066696167,31.76804542541504,2.3101024627685547,26.206
121000,813,decoder_polish,0.4295026361942291,2.0487003326416016,0.37040403485298157,31.83378791809082,2.261881113052368,26.206
121500,816,decoder_polish,0.42554664611816406,1.9425400495529175,0.3514787256717682,31.237022399902344,2.362518072128296,26.206
122000,819,decoder_polish,0.4205436706542969,1.9729843139648438,0.3654235303401947,31.806974411010742,2.1922507286071777,26.206
122500,823,decoder_polish,0.4231439530849457,2.0684876441955566,0.363073468208313,31.785518646240234,2.1326022148132324,26.206
123000,826,decoder_polish,0.41941627860069275,1.912007451057434,0.3653416633605957,31.66351318359375,2.1251425743103027,26.206
123500,829,decoder_polish,0.4289926588535309,1.95635986328125,0.3668534755706787,31.513444900512695,2.1849684715270996,26.206
124000,833,decoder_polish,0.4250854551792145,2.010788917541504,0.3574551045894623,30.78909683227539,2.348172426223755,26.206
124500,836,decoder_polish,0.4188288748264313,1.9952802658081055,0.36215507984161377,31.475841522216797,2.164156436920166,26.206
125000,839,decoder_polish,0.4261208474636078,2.005234956741333,0.36646491289138794,31.369823455810547,2.2689805030822754,26.206
125500,843,decoder_polish,0.42034265398979187,2.0185012817382812,0.36830252408981323,31.81086540222168,2.123647451400757,26.206
126000,846,decoder_polish,0.41839686036109924,2.034153699874878,0.36371928453445435,31.60370635986328,2.099376678466797,26.206
126500,849,decoder_polish,0.4306299686431885,2.031648874282837,0.3542431592941284,31.624576568603516,2.397916555404663,26.206
127000,853,decoder_polish,0.4218582212924957,2.0773696899414062,0.36283376812934875,31.467819213867188,2.321401834487915,26.206
127500,856,decoder_polish,0.41941696405410767,2.1051831245422363,0.3687177896499634,31.775619506835938,2.109851837158203,26.206
128000,860,decoder_polish,0.4148242175579071,1.973830223083496,0.3577028214931488,31.431739807128906,2.1002304553985596,26.206
128500,863,decoder_polish,0.4298070967197418,1.9493091106414795,0.3573130667209625,31.67064666748047,2.196387529373169,26.206
129000,866,decoder_polish,0.42444124817848206,1.9715797901153564,0.3605263829231262,31.867252349853516,2.14266037940979,26.206
129500,870,decoder_polish,0.42924633622169495,1.9448189735412598,0.36119163036346436,31.085195541381836,2.3478829860687256,26.206
130000,873,decoder_polish,0.42953482270240784,2.080216646194458,0.36443907022476196,31.919754028320312,2.3576741218566895,26.206
130500,876,decoder_polish,0.42581310868263245,1.9817852973937988,0.3664289712905884,31.74947738647461,2.2528164386749268,26.206
131000,880,decoder_polish,0.4176355004310608,2.101543426513672,0.36239397525787354,31.535991668701172,2.187828779220581,26.206
131500,883,decoder_polish,0.4237809181213379,1.9812067747116089,0.3772425651550293,31.387598037719727,2.278148651123047,26.206
132000,886,decoder_polish,0.4268648326396942,1.947872281074524,0.3603276014328003,32.156005859375,2.1170578002929688,26.206
132500,890,decoder_polish,0.4225117862224579,2.011780261993408,0.3684470057487488,31.45635986328125,2.2469913959503174,26.206
133000,893,decoder_polish,0.42617732286453247,2.0201971530914307,0.36682257056236267,32.212982177734375,2.2911806106567383,26.206
133500,896,decoder_polish,0.42877107858657837,2.059972047805786,0.3523687720298767,31.88498306274414,2.2483057975769043,26.206
134000,900,decoder_polish,0.42417630553245544,2.0848782062530518,0.365885853767395,31.888893127441406,2.3332550525665283,26.206
134500,903,decoder_polish,0.4349176585674286,2.050259590148926,0.36366552114486694,31.822750091552734,2.3690876960754395,26.206
135000,907,decoder_polish,0.42102304100990295,1.9341552257537842,0.354739248752594,31.699352264404297,2.1768088340759277,26.206
135500,910,decoder_polish,0.425462931394577,1.9410476684570312,0.37456193566322327,31.49615478515625,2.3080718517303467,26.206
136000,913,decoder_polish,0.43426713347435,2.082651138305664,0.3653475344181061,31.775196075439453,2.4140868186950684,26.206
136500,917,decoder_polish,0.41842958331108093,1.9906256198883057,0.35620254278182983,31.846712112426758,2.125074863433838,26.206
137000,920,decoder_polish,0.41972899436950684,2.044534921646118,0.3711193799972534,31.14191246032715,2.448312282562256,26.206
137500,923,decoder_polish,0.42036500573158264,2.0626351833343506,0.36595308780670166,32.115962982177734,2.1476893424987793,26.206
138000,927,decoder_polish,0.43335413932800293,2.0216968059539795,0.3677005469799042,32.39230728149414,2.3101143836975098,26.206
138500,930,decoder_polish,0.42873620986938477,2.0701401233673096,0.3601298928260803,31.960285186767578,2.2143924236297607,26.206
139000,933,decoder_polish,0.4333744943141937,2.0201375484466553,0.35820436477661133,32.37308883666992,2.3070015907287598,26.206
139500,937,decoder_polish,0.43364715576171875,2.0091712474823,0.3581782579421997,32.01075744628906,2.3042938709259033,26.206
140000,940,decoder_polish,0.4393192231655121,2.070132255554199,0.35430341958999634,32.63363265991211,2.2834208011627197,26.206
140500,943,decoder_polish,0.4281321167945862,1.9823766946792603,0.3605248034000397,32.687713623046875,2.088534355163574,26.206
141000,947,decoder_polish,0.43729647994041443,2.0356011390686035,0.36100515723228455,32.548648834228516,2.308863878250122,26.206
141500,950,decoder_polish,0.42184218764305115,2.0542373657226562,0.3603779673576355,31.78784942626953,2.1548047065734863,26.206
142000,954,decoder_polish,0.41084662079811096,1.9154260158538818,0.354919970035553,30.979351043701172,2.2735118865966797,26.206
142500,957,decoder_polish,0.41678524017333984,1.950647234916687,0.3616255521774292,31.386938095092773,2.2294554710388184,26.206
143000,960,decoder_polish,0.4262731671333313,2.0267980098724365,0.3664880692958832,31.891582489013672,2.295337438583374,26.206
143500,964,decoder_polish,0.4277375340461731,2.048886775970459,0.35439133644104004,32.94075393676758,2.0965123176574707,26.206
144000,967,decoder_polish,0.4227065145969391,2.0417137145996094,0.3605678379535675,32.246192932128906,2.186169385910034,26.206
144500,970,decoder_polish,0.41965624690055847,1.9556366205215454,0.36454933881759644,31.40068244934082,2.1872470378875732,26.206
145000,974,decoder_polish,0.41882801055908203,1.9785494804382324,0.35833510756492615,31.541288375854492,2.158411979675293,26.206
145500,977,decoder_polish,0.4152718484401703,1.9923924207687378,0.3656132221221924,31.440814971923828,2.166975975036621,26.206
146000,980,decoder_polish,0.4250679612159729,2.04590106010437,0.3633415102958679,32.262474060058594,2.1705539226531982,26.206
146500,984,decoder_polish,0.41946515440940857,2.005005121231079,0.35016560554504395,31.503225326538086,2.172236919403076,26.206
147000,987,decoder_polish,0.4251229763031006,1.9650685787200928,0.370480477809906,31.973026275634766,2.2412633895874023,26.206
147500,990,decoder_polish,0.42196527123451233,2.0062944889068604,0.35765084624290466,32.232051849365234,2.2596702575683594,26.206
148000,994,decoder_polish,0.41900044679641724,1.9688647985458374,0.35351115465164185,31.575218200683594,2.1917505264282227,26.206
148500,997,decoder_polish,0.42092329263687134,2.040325403213501,0.35291486978530884,31.657033920288086,2.197873115539551,26.206
149000,1000,decoder_polish,0.4161859452724457,2.060643434524536,0.37703660130500793,32.44802474975586,2.0969977378845215,26.206
149500,1004,decoder_polish,0.4337742030620575,2.0908257961273193,0.3619290590286255,33.371002197265625,2.1542577743530273,26.206
150000,1007,decoder_polish,0.41963720321655273,1.957495093345642,0.3480552136898041,31.680423736572266,2.2088334560394287,26.206
150500,1011,decoder_polish,0.42204079031944275,2.0400829315185547,0.3550066351890564,31.795454025268555,2.258678436279297,26.206
151000,1014,decoder_polish,0.42742615938186646,2.0122568607330322,0.3612421751022339,32.143856048583984,2.1983184814453125,26.206
151500,1017,decoder_polish,0.42325684428215027,2.0133678913116455,0.3549208343029022,32.10789489746094,2.133683204650879,26.206
152000,1021,decoder_polish,0.4166412353515625,2.0099408626556396,0.35104799270629883,31.83887481689453,2.131211757659912,26.206
152500,1024,decoder_polish,0.41870927810668945,2.093250036239624,0.3512309193611145,31.65937042236328,2.408705234527588,26.206
153000,1027,decoder_polish,0.41876980662345886,1.969362735748291,0.3584347665309906,32.01457214355469,2.127779006958008,26.206
153500,1031,decoder_polish,0.4184739291667938,2.022186756134033,0.3605928421020508,31.9632568359375,2.1434693336486816,26.206
154000,1034,decoder_polish,0.4285852611064911,2.0134682655334473,0.36346152424812317,32.954376220703125,2.177525520324707,26.206
154500,1037,decoder_polish,0.4146931767463684,2.0149009227752686,0.3572273254394531,31.420337677001953,2.2545461654663086,26.206
155000,1041,decoder_polish,0.41418513655662537,2.107020378112793,0.3690899908542633,32.28062438964844,2.1079142093658447,26.206
155500,1044,decoder_polish,0.4177263379096985,2.0510075092315674,0.3650839328765869,32.03410339355469,2.191194772720337,26.206
156000,1047,decoder_polish,0.42260342836380005,2.0176150798797607,0.3514336943626404,32.05860137939453,2.086709499359131,26.206
156500,1051,decoder_polish,0.4202624261379242,2.0641555786132812,0.360131174325943,31.664531707763672,2.308518171310425,26.206
157000,1054,decoder_polish,0.42649123072624207,2.035583257675171,0.3552313446998596,32.18358612060547,2.2806267738342285,26.206
157500,1058,decoder_polish,0.4195333421230316,1.9936760663986206,0.3592175543308258,31.615921020507812,2.1533010005950928,26.206
158000,1061,decoder_polish,0.4216572940349579,2.0231211185455322,0.35769596695899963,32.413116455078125,2.0657055377960205,26.206
158500,1064,decoder_polish,0.41893458366394043,2.024384021759033,0.3570873737335205,32.05546188354492,2.1703622341156006,26.206
159000,1068,decoder_polish,0.4268360137939453,2.064697027206421,0.3610878586769104,32.46049118041992,2.1724116802215576,26.206
159500,1071,decoder_polish,0.42647799849510193,1.976796269416809,0.3615592122077942,32.01667785644531,2.1809985637664795,26.206
160000,1074,decoder_polish,0.41572752594947815,2.0121684074401855,0.35763007402420044,31.6436824798584,2.193615198135376,26.206
160500,1078,decoder_polish,0.42477598786354065,1.974687099456787,0.36198073625564575,31.968103408813477,2.224128246307373,26.206
161000,1081,decoder_polish,0.41780367493629456,2.066793203353882,0.35157737135887146,31.799211502075195,2.2836179733276367,26.206
161500,1084,decoder_polish,0.4176607131958008,2.095323085784912,0.3640541434288025,31.785682678222656,2.126340866088867,26.206
162000,1088,decoder_polish,0.42369577288627625,1.9287042617797852,0.3662235140800476,31.9312744140625,2.2428762912750244,26.206
162500,1091,decoder_polish,0.42081356048583984,2.0651090145111084,0.3603183329105377,32.037044525146484,2.2583422660827637,26.206
163000,1094,decoder_polish,0.4219294488430023,2.0466957092285156,0.35606423020362854,31.974761962890625,2.202548027038574,26.206
163500,1098,decoder_polish,0.41140443086624146,2.0167315006256104,0.360809862613678,31.648338317871094,2.1601550579071045,26.206
164000,1101,decoder_polish,0.4197697639465332,2.0202229022979736,0.36476609110832214,32.446842193603516,2.148099660873413,26.206
164500,1105,decoder_polish,0.4206598699092865,1.9916794300079346,0.37548214197158813,31.555675506591797,2.2290830612182617,26.206
165000,1108,decoder_polish,0.4247020184993744,2.0619518756866455,0.36778002977371216,32.42464828491211,2.161851406097412,26.206
165500,1111,decoder_polish,0.4255273938179016,2.108192205429077,0.35999253392219543,32.42770767211914,2.2368509769439697,26.206
166000,1115,decoder_polish,0.4247375428676605,2.0247340202331543,0.37592917680740356,31.705289840698242,2.3313992023468018,26.206
166500,1118,decoder_polish,0.42446184158325195,2.0530781745910645,0.36502698063850403,32.1919059753418,2.250248432159424,26.206
167000,1121,decoder_polish,0.4189768433570862,2.0882413387298584,0.36354076862335205,32.05976486206055,2.193532943725586,26.206
167500,1125,decoder_polish,0.42904525995254517,2.0402302742004395,0.36338818073272705,32.53066635131836,2.2057971954345703,26.206
168000,1128,decoder_polish,0.42086830735206604,1.917341709136963,0.3673969507217407,31.714311599731445,2.283499240875244,26.206
168500,1131,decoder_polish,0.4188137650489807,2.1077282428741455,0.3481937050819397,32.40030288696289,2.2345032691955566,26.206
169000,1135,decoder_polish,0.41829657554626465,1.99024498462677,0.35824018716812134,32.35117721557617,2.0572071075439453,26.206
169500,1138,decoder_polish,0.42169299721717834,2.1110901832580566,0.3573473393917084,32.056236267089844,2.3090336322784424,26.206
170000,1141,decoder_polish,0.42468205094337463,2.2261714935302734,0.36035531759262085,32.410499572753906,2.2207748889923096,26.206
170500,1145,decoder_polish,0.4209941327571869,2.003568410873413,0.35156702995300293,32.17729187011719,2.1666722297668457,26.206
171000,1148,decoder_polish,0.4144662022590637,1.9858533143997192,0.35173308849334717,31.90373992919922,2.1218223571777344,26.206
171500,1152,decoder_polish,0.41840076446533203,1.9763673543930054,0.36573097109794617,31.96295166015625,2.1538097858428955,26.206
172000,1155,decoder_polish,0.41526031494140625,1.988633632659912,0.3653748035430908,32.2148323059082,2.1049253940582275,26.206
172500,1158,decoder_polish,0.4141027629375458,2.0918688774108887,0.36185652017593384,32.040740966796875,2.1541144847869873,26.206
173000,1162,decoder_polish,0.4200349748134613,2.1156740188598633,0.36131027340888977,32.520450592041016,2.102553606033325,26.206
173500,1165,decoder_polish,0.4187190532684326,2.047926187515259,0.3593951463699341,32.22222900390625,2.1222009658813477,26.206
174000,1168,decoder_polish,0.4178227484226227,2.0103349685668945,0.36252856254577637,32.15397644042969,2.1288137435913086,26.206
174500,1172,decoder_polish,0.4242090880870819,2.0667710304260254,0.3601427674293518,32.447017669677734,2.216447353363037,26.206
175000,1175,decoder_polish,0.41953301429748535,2.0214219093322754,0.3617680072784424,31.90422821044922,2.1831464767456055,26.206
175500,1178,decoder_polish,0.4271145761013031,2.0004706382751465,0.35494041442871094,32.636661529541016,2.1864376068115234,26.206
176000,1182,decoder_polish,0.42474767565727234,2.101677656173706,0.3620989918708801,32.5752067565918,2.186784267425537,26.206
176500,1185,decoder_polish,0.42398205399513245,2.0417892932891846,0.3537992537021637,32.767215728759766,2.195465564727783,26.206
177000,1188,decoder_polish,0.41725942492485046,2.010483741760254,0.35572874546051025,32.164283752441406,2.1567888259887695,26.206
177500,1192,decoder_polish,0.4184263348579407,2.046659469604492,0.35465237498283386,32.0211181640625,2.2350282669067383,26.206
178000,1195,decoder_polish,0.41171351075172424,2.033024787902832,0.35413849353790283,32.166236877441406,2.1135458946228027,26.206
178500,1198,decoder_polish,0.42172756791114807,2.0385189056396484,0.35546180605888367,32.56684875488281,2.1446738243103027,26.206
179000,1202,decoder_polish,0.42133092880249023,1.961025595664978,0.36743929982185364,32.04889678955078,2.2237260341644287,26.206
179500,1205,decoder_polish,0.41901254653930664,2.0493056774139404,0.35022076964378357,32.19855499267578,2.181518316268921,26.206
180000,1209,decoder_polish,0.41731229424476624,2.047156572341919,0.35458114743232727,32.191917419433594,2.177180767059326,26.206
180500,1212,decoder_polish,0.41821786761283875,2.0345349311828613,0.35134419798851013,32.27388000488281,2.151885986328125,26.206
181000,1215,decoder_polish,0.4206438660621643,2.0794384479522705,0.36563214659690857,32.81270980834961,2.135150909423828,26.206
181500,1219,decoder_polish,0.41286659240722656,2.089007616043091,0.3624354600906372,32.16294479370117,2.111868143081665,26.206
182000,1222,decoder_polish,0.4150412678718567,2.0536489486694336,0.3689470589160919,32.20339584350586,2.208923816680908,26.206
182500,1225,decoder_polish,0.41385674476623535,2.0085129737854004,0.3740558922290802,32.13433837890625,2.217589855194092,26.206
183000,1229,decoder_polish,0.42254945635795593,2.0394062995910645,0.369151771068573,32.28227996826172,2.2238306999206543,26.206
183500,1232,decoder_polish,0.4207392632961273,2.08646297454834,0.35682788491249084,32.40534591674805,2.1611814498901367,26.206
184000,1235,decoder_polish,0.41469746828079224,1.9425588846206665,0.36567091941833496,31.974502563476562,2.1525685787200928,26.206
184500,1239,decoder_polish,0.41732534766197205,2.0247535705566406,0.36758220195770264,32.34584426879883,2.1358437538146973,26.206
185000,1242,decoder_polish,0.42771854996681213,2.0462398529052734,0.35937684774398804,32.896263122558594,2.222592830657959,26.206
185500,1245,decoder_polish,0.42783451080322266,1.9799281358718872,0.35284480452537537,32.873294830322266,2.2633585929870605,26.206
186000,1249,decoder_polish,0.4195798337459564,2.0138485431671143,0.35812142491340637,32.21183395385742,2.1707491874694824,26.206
186500,1252,decoder_polish,0.42104941606521606,2.047899007797241,0.35564300417900085,33.049644470214844,2.059356451034546,26.206
187000,1256,decoder_polish,0.416297972202301,2.038696527481079,0.35650497674942017,32.0671272277832,2.1970436573028564,26.206
187500,1259,decoder_polish,0.4197353422641754,2.1394174098968506,0.3484371304512024,32.414283752441406,2.2030701637268066,26.206
188000,1262,decoder_polish,0.42205819487571716,2.0418403148651123,0.36535704135894775,32.75326156616211,2.0975587368011475,26.206
188500,1266,decoder_polish,0.4287242889404297,2.033977746963501,0.3593282699584961,32.66160202026367,2.2637083530426025,26.206
189000,1269,decoder_polish,0.42117100954055786,2.0295474529266357,0.3702375292778015,32.714996337890625,2.1720199584960938,26.206
189500,1272,decoder_polish,0.4183752238750458,2.114184856414795,0.3668529987335205,32.585243225097656,2.082211971282959,26.206
190000,1276,decoder_polish,0.41744765639305115,2.011138916015625,0.3676069974899292,32.48020935058594,2.1199073791503906,26.206
190500,1279,decoder_polish,0.417243629693985,2.061147689819336,0.3625507950782776,32.50083541870117,2.1555733680725098,26.206
191000,1282,decoder_polish,0.4179249703884125,2.0765295028686523,0.35665494203567505,32.46990966796875,2.1455814838409424,26.206
191500,1286,decoder_polish,0.41741806268692017,2.0424129962921143,0.35521578788757324,31.929874420166016,2.2597908973693848,26.206
192000,1289,decoder_polish,0.4203859269618988,2.009509801864624,0.3522576093673706,32.497074127197266,2.090993642807007,26.206
192500,1292,decoder_polish,0.41968202590942383,2.1312482357025146,0.355656236410141,32.549556732177734,2.1409616470336914,26.206
193000,1296,decoder_polish,0.4143069386482239,2.0687615871429443,0.3650911748409271,31.930625915527344,2.1454310417175293,26.206
193500,1299,decoder_polish,0.427849143743515,2.13706111907959,0.3555775284767151,32.50642013549805,2.172530174255371,26.206
194000,1303,decoder_polish,0.4186219274997711,2.1190359592437744,0.35535407066345215,32.53046798706055,2.1648054122924805,26.206
194500,1306,decoder_polish,0.4180544912815094,2.1345748901367188,0.3571411371231079,32.54121398925781,2.086642265319824,26.206
195000,1309,decoder_polish,0.41751715540885925,2.0727462768554688,0.3572368621826172,32.310272216796875,2.185169219970703,26.206
195500,1313,decoder_polish,0.4234667718410492,2.0922250747680664,0.3577357530593872,32.87268829345703,2.211881637573242,26.206
196000,1316,decoder_polish,0.4173290431499481,2.0787830352783203,0.35255712270736694,32.07682800292969,2.2612907886505127,26.206
196500,1319,decoder_polish,0.42386385798454285,1.982517123222351,0.36653006076812744,32.96329879760742,2.154114246368408,26.206
197000,1323,decoder_polish,0.4111209809780121,2.000534772872925,0.3646622896194458,32.08362579345703,2.1600167751312256,26.206
197500,1326,decoder_polish,0.4181978404521942,1.9927319288253784,0.3575608432292938,32.10407638549805,2.2414519786834717,26.206
198000,1329,decoder_polish,0.4173879623413086,2.0691306591033936,0.3665256202220917,32.77595901489258,2.0927884578704834,26.206
198500,1333,decoder_polish,0.41522952914237976,2.0005409717559814,0.358163058757782,32.374210357666016,2.0479047298431396,26.206
199000,1336,decoder_polish,0.4196706712245941,2.0671186447143555,0.35669851303100586,32.79251480102539,2.098902702331543,26.206
199500,1339,decoder_polish,0.4160281717777252,1.987504243850708,0.3584554195404053,32.06958770751953,2.1811394691467285,26.206
200000,1343,decoder_polish,0.41481032967567444,1.983384370803833,0.35898035764694214,31.618825912475586,2.349207878112793,26.206
